role,plan,attrition
R1,4,0.8501783635857637
R2,3,0.249152121361209
R3,2,0.45338801947649354
R4,5,0.6654115469701555
